filename,changes,doc_type,h_level,authority_tier,year
3D printing for airway disease.json,noop,systematic_review,H1,A4,2019
A Multicenter RCT of Zephyr Endobronchial Valv.json,noop,rct,H2,A4,2018
A Prospective Multicenter Trial of a Self-expanding Hybrid.json,set:doc_type->cohort|force:h_level=H2(cohort),cohort,H2,A4,2008
A Randomized Trial of 1% vs 2% Lignocaine by the Spray-as-You-Go Technique.json,noop,rct,H2,A4,2015
A Systematic Review and Meta-Analysis Comparin.json,set:doc_type->systematic_review|force:h_level=H1(systematic_review),systematic_review,H1,A4,2018
A predictive model for respiratorye events after rigid..json,noop,rct,H2,A4,2023
A prospective CT of EBUS compared with mediastinoscopy for staging of lung cancer.json,noop,rct,H2,A4,2011
A prospective analysis of high-dose-rate endob.json,noop,rct,H2,A4,2015
A prospective, randomized trial for the comparison of 19-g and 22-g EBUS.json,noop,rct,H2,A4,2019
A randomized study of endobronchial valves for.json,noop,rct,H2,A4,2010
AMPLE2.json,noop,rct,H2,A4,2018
ASAP trial.json,noop,rct,H2,A4,2017
Acquisition and Handling of Endobronchial Ultrasound Transbronchial Needle Samples..json,set:doc_type->guideline|force:h_level=H1(guideline),guideline,H1,A4,2025
Adequacy of small biopsy and cytology for immune checkpoint inhibitor and targeted therapy.json,noop,guideline,H1,A4,2024
Advanced Diagnostic and Therapeutic Bronchoscopy .json,noop,rct,H2,A4,2021
Advanced in Treatment of PPNs.json,set:doc_type->narrative_review|force:h_level=H3(narrative_review),narrative_review,H3,A4,2024
Advances in IP.json,set:doc_type->narrative_review|force:h_level=H3(narrative_review),narrative_review,H3,A4,2018
Advances in pleuroscopy.json,noop,systematic_review,H1,A4,2017
Advantages of US in percutaneous dilatational.json,noop,rct,H2,A4,2014
Airway spray cryotherapy initial outcomes from.json,noop,cohort,H3,A4,2012
Airway stabilization with silicone stents for.json,set:doc_type->cohort|force:h_level=H2(cohort),cohort,H2,A4,2007
Airway stents.json,noop,guideline,H1,A4,2018
Aldaghlawi-2020-A Systematic Review of Digital.json,set:doc_type->systematic_review|force:h_level=H1(systematic_review),systematic_review,H1,A4,2020
Alsunaid-2021-Wound care management_ tracheost.json,set:doc_type->systematic_review|force:h_level=H1(systematic_review),systematic_review,H1,A4,2021
Ambulatory management of primary spontaneous p.json,set:doc_type->guideline|force:h_level=H1(guideline),guideline,H1,A4,2020
American Brachytherapy Society consensus guide.json,set:doc_type->guideline|force:h_level=H1(guideline),guideline,H1,A4,2016
An updated review in percutaneous tracheostomy.json,noop,rct,H2,A4,2024
Andriolo-2015-Early versus late tracheostomy f.json,set:doc_type->narrative_review|force:h_level=H3(narrative_review),narrative_review,H3,A4,2015
Anesthesia and Upper and Lower Airway.json,set:doc_type->narrative_review|force:h_level=H3(narrative_review),narrative_review,H3,A4,2014
Anesthesia for bronchoscopy and update 2024.json,set:doc_type->narrative_review|force:h_level=H3(narrative_review),narrative_review,H3,A4,2024
Anesthetic considerations for bronchoscopic procedures.json,set:doc_type->narrative_review|force:h_level=H3(narrative_review),narrative_review,H3,A4,2019
Angel-2020-Novel Percutaneous Tracheostomy for.json,noop,systematic_review,H1,A4,2020
Approach to hemoptysis in the modern era.json,set:doc_type->narrative_review|force:h_level=H3(narrative_review),narrative_review,H3,A4,2017
Arnold-2018-Investigating unilateral pleural e.json,set:doc_type->cohort|force:h_level=H2(cohort),cohort,H2,A4,2018
Audit of the autoantibody test, EarlyCDT.json,noop,rct,H2,A4,2014
Awab-2017-Whole lung lavage-technical details.json,set:doc_type->narrative_review|force:h_level=H3(narrative_review),narrative_review,H3,A4,2017
BLVR comprehensive 2025.json,set:doc_type->narrative_review|force:h_level=H3(narrative_review),narrative_review,H3,A4,2025
BLVR with endobronchial valves for patients wi.json,noop,rct,H2,A4,2016
BTS guideline for diagnostic flexible bronchoscopy in adults.json,set:doc_type->guideline|force:h_level=H1(guideline),guideline,H1,A4,2013
BTS pleural guidelines2.json,set:doc_type->guideline|force:h_level=H1(guideline),guideline,H1,A4,2025
Basic Bronchoscopy Technology, Techniques, and Professional Fees.json,noop,rct,H2,A4,2019
Basic and advanced pleural procedures coding and professional fees update for pulmonologists.json,noop,systematic_review,H1,A4,2020
Bhatnagar-2018-Outpatient Talc Administration.json,noop,rct,H2,A4,2018
Bhatnagar-2020-Effect of Thoracoscopic Talc Po.json,noop,rct,H2,A4,2019
Bhora-2016-Treatment of Benign Tracheal Stenos.json,noop,cohort,H3,A4,2016
Bibby-2018-ERS_EACTS statement on the manageme.json,noop,rct,H2,A4,2018
Bintcliffe-2016-The management of benign non-i.json,noop,rct,H2,A4,2016
Biopsy of peripheral lung nodules utilizing cone beam w wo TB access tool.json,noop,cohort,H3,A4,2018
Brass-2016-Percutaneous techniques versus surg.json,set:doc_type->narrative_review|force:h_level=H3(narrative_review),narrative_review,H3,A4,2016
Breathlessness Predicts Survival in Patients W.json,noop,rct,H2,A4,2021
Bronchial Thermoplasty in Patients With Severe.json,set:doc_type->cohort,cohort,H2,A4,2022
Bronchoscope-Guided Percutaneous Endoscopic Ga.json,set:doc_type->cohort,cohort,H2,A4,2018
Bronchoscopes of the Twenty-First Century.json,noop,rct,H2,A4,2010
Bronchoscopic Techniques Used in the Diagnosis and Staging of Lung Cancer.json,noop,rct,H2,A4,2017
Bronchoscopic lung volume reduction with endob.json,noop,rct,H2,A4,2015
Bronchoscopic transparenchymal nodule access (BTPNA).json,set:doc_type->cohort,cohort,H2,A4,2015
Bronchoscopy Education An Experiential Learning Theory Perspective.json,noop,rct,H2,A4,2018
CHEST CAO.json,set:doc_type->guideline|force:h_level=H1(guideline),guideline,H1,A4,2025
COLDICE study.json,noop,systematic_review,H1,A4,2020
Central Airway Obstruction Benign Strictures.json,set:doc_type->narrative_review|force:h_level=H3(narrative_review),narrative_review,H3,A4,2016
Chan-2021-Transbronchial microwave ablation of.json,force:h_level=H2(cohort),cohort,H2,A4,2021
Chemical pleurodesis.json,set:doc_type->narrative_review|force:h_level=H3(narrative_review),narrative_review,H3,A4,2019
Chen-2018-Photodynamic therapeutic ablation fo.json,noop,narrative_review,H3,A4,2018
Cheng-2016-Three-dimensional Printing and 3D S.json,set:doc_type->narrative_review|force:h_level=H3(narrative_review),narrative_review,H3,A4,2016
Chhatre-2021-Survival Outcomes with Photodynam.json,noop,rct,H2,A4,2021
Clinical Success Stenting Distal Bronchi.json,noop,cohort,H3,A4,2018
Clinical Utility of a Bronchial Genomic Classi.json,set:doc_type->cohort|force:h_level=H2(cohort),cohort,H2,A4,2016
Clinical and quality of life outcomes vs. exte.json,noop,rct,H2,A4,2000
Clinical trial of photodynamic therapy for per.json,noop,guideline,H1,A4,2020
Combined EBUS  EUS for the diagnosis and staging of lung cancer ESGE, ERS, ESTS Guideline.json,set:doc_type->guideline|force:h_level=H1(guideline),guideline,H1,A4,2015
Combined Nd-YAG laser HDR brachytherapy versus.json,set:doc_type->rct,rct,H3,A4,2000
Community hospital experience using ENB integrating tidal volume computed tomography mapping.json,set:doc_type->narrative_review|force:h_level=H3(narrative_review),narrative_review,H3,A4,2016
Comparing the Diagnostic Performance of Lung Ultrasonography and Chest Radiography for Detecting Pneumothorax.json,noop,systematic_review,H1,A4,2024
Comparision of valves.json,noop,rct,H2,A4,2024
Comparison of HFNC  and Conventional O2 during bronc.json,noop,rct,H2,A4,2025
Competency-based medical education in interventional pulmonology_ current state and future opportunities.json,noop,rct,H2,A4,2024
Complete unilateral vs partial bilateral BLVR.json,noop,rct,H2,A4,2012
Complications Following Therapeutic B.json,set:doc_type->cohort|force:h_level=H2(cohort),cohort,H2,A4,2015
Complications and discomfort of bronchoscopy a systematic review.json,set:doc_type->systematic_review|force:h_level=H1(systematic_review),systematic_review,H1,A4,2016
Complications of cricothyroidotomy versus tracheostomy.json,set:doc_type->systematic_review|force:h_level=H1(systematic_review),systematic_review,H1,A4,2020
Complications, and practice patterns of EBUS  AQuIRE registry.json,noop,rct,H2,A4,2013
Comprehensive Review of Chest Tube Management_A Review.json,set:doc_type->narrative_review|force:h_level=H3(narrative_review),narrative_review,H3,A4,2022
Concurrent Intrapleural Instillation of Tissue.json,set:doc_type->cohort|force:h_level=H2(cohort),cohort,H2,A4,2016
Cone beam CT imaging for bronchoscopy a technical review.json,set:doc_type->narrative_review|force:h_level=H3(narrative_review),narrative_review,H3,A4,2020
Cone-beam computed tomography-guided electromagnetic navigation for peripheral lung nodules.json,set:doc_type->rct,rct,H1,A4,2021
Cone-beam computed tomography-guided shape-sensing robot.json,set:doc_type->cohort,cohort,H2,A4,2024
Conservative versus Interventional Treatment f.json,set:doc_type->cohort,cohort,H2,A4,2020
Coping with airway emergencies_.json,set:doc_type->narrative_review|force:h_level=H3(narrative_review),narrative_review,H3,A4,2020
Covid-19 impact on interventional pulmonology training.json,noop,systematic_review,H1,A4,2021
Criner-2019-Improving Lung Function in Severe.json,noop,rct,H2,A4,2019
Cryosurgery for malignant endobronchial tumors.json,set:doc_type->cohort,cohort,H2,A4,2005
Current practice in management of exudative pleural effusions AABIP survey.json,noop,narrative_review,H3,A4,2018
Cyrany-2016-Buried bumper syndrome_ A complica.json,noop,guideline,H1,A4,2016
DY and Synergy of Needle and Forceps w ENB.json,noop,rct,H2,A4,2025
Database to Inform Revisions.json,noop,coding_update,H3,A4,2023
Davies-2012-Effect of an indwelling pleural ca.json,noop,rct,H2,A4,2012
Deslee-2014-Lung volume reduction coil treatme.json,set:doc_type->cohort,cohort,H2,A4,2014
Developing an IP Service in a Community Practice.json,noop,guideline,H1,A4,2016
Development of a Tool to Assess Basic Competen.json,set:doc_type->guideline|force:h_level=H1(guideline),guideline,H1,A4,2016
Dexmedetomidine-fentanyl versus propofol-fentanyl.json,noop,rct,H2,A4,2016
Diagnostic Yield and Bleeding Complications.json,noop,rct,H2,A4,2019
Diagnostic flexible bronchoscopy and accessory techniques.json,set:doc_type->narrative_review|force:h_level=H3(narrative_review),narrative_review,H3,A4,2012
Diagnostic value of EBUS elastography for the differentiation.json,set:doc_type->cohort,cohort,H2,A4,2017
Diagnostic yield and safety of navigation bronchoscopy.json,set:doc_type->systematic_review|force:h_level=H1(systematic_review),systematic_review,H1,A4,2023
Differentiating malignant and benign nodes with elastography.json,set:doc_type->cohort,cohort,H2,A4,2019
Documentation Tips for Pulmonary.json,noop,guideline,H1,A4,2012
Dransfield-2020-Effect of Zephyr Endobronchial.json,noop,rct,H2,A4,2020
Dresler-2005-Phase III intergroup study of tal.json,noop,rct,H2,A4,2015
EBUS  vs conventional TBNA  in the diagnosis of sarcoidosis.json,noop,rct,H2,A4,2014
EBUS for the Diagnosis and Subtyping of Lymphoma.json,noop,rct,H2,A4,2015
EBUS-TBNA and EUS-FNA Risk Assessment for Clopidogrel.json,set:doc_type->narrative_review|force:h_level=H3(narrative_review),narrative_review,H3,A4,2016
ENB for PPNs One-Year Results of the Prospective, Multicenter NAVIGATE Study.json,noop,rct,H2,A4,2018
ENB-directed dye marking for locating pulmonary nodules.json,noop,rct,H2,A4,2020
ERSATS statement on IP.json,noop,guideline,H1,A4,2002
Eberhardt-2021-Endobronchial Valve (Zephyr) Tr.json,noop,rct,H2,A4,2024
Effectiveness of Elastography.json,noop,guideline,H1,A4,2017
Efficacy and Safety of Airway Stent in TEF.json,noop,systematic_review,H1,A4,2025
Efficacy and safety of cone-beam computed tomography-guided bronchoscopy.json,noop,systematic_review,H1,A4,2025
Efficacy ofWhole-LungLavageinPulmonaryAlveolar.json,noop,systematic_review,H1,A4,2017
Electromagnetic navigation bronchoscopy a comprehensive review.json,set:doc_type->narrative_review|force:h_level=H3(narrative_review),narrative_review,H3,A4,2018
Electromagnetic navigation bronchoscopy to access lung lesions in.json,set:doc_type->cohort|force:h_level=H2(cohort),cohort,H2,A4,2017
Endobronchial Valves for Emphysema without Int.json,noop,rct,H2,A4,2015
Endobronchial epinephrine confusion is in the air.json,set:doc_type->narrative_review|force:h_level=H3(narrative_review),narrative_review,H3,A4,2013
Endobronchial tumor debulking with a flexible.json,noop,guideline,H1,A4,2010
Endosonography for mediastinal disease EUS vs EBUS.json,set:doc_type->narrative_review|force:h_level=H3(narrative_review),narrative_review,H3,A4,2015
Equipment and procedural setup for IP.json,set:doc_type->narrative_review|force:h_level=H3(narrative_review),narrative_review,H3,A4,2021
Eur Respir Rev-2020-DeMaio-200028.json,set:doc_type->narrative_review|force:h_level=H3(narrative_review),narrative_review,H3,A4,2020
Evaluating the Patient With a Pulmonary Nodule_A Review.json,set:doc_type->narrative_review|force:h_level=H3(narrative_review),narrative_review,H3,A4,2022
Evaluation of Safety and Short-term.json,set:doc_type->narrative_review|force:h_level=H3(narrative_review),narrative_review,H3,A4,2019
Evaluation of a EBUS  forceps in enlarged mediastinal lymph nodes.json,noop,systematic_review,H1,A4,2024
Evaluation of individuals with pulmonary nodules when is it lung cancer.json,noop,rct,H2,A4,2013
External irradiation versus external irradiati.json,noop,rct,H2,A4,2001
Fiducial marker placement with ENB.json,set:doc_type->cohort,cohort,H2,A4,2019
Financial Justification for IP Programs.json,noop,rct,H2,A4,2020
First Human Use of a New Robotic-Assisted Fiber Optic Sensing Navigation System for Small Peripheral Pulmonary Nodules.json,noop,rct,H2,A4,2019
Flexible Bronchoscope Use by Pulmonologists.json,force:h_level=H2(cohort),cohort,H2,A4,2018
Flexible bronchoscopy.json,noop,rct,H2,A4,2018
Forbearance With Bronchoscopy.json,set:doc_type->narrative_review|force:h_level=H3(narrative_review),narrative_review,H3,A4,2019
Foreign body aspiration.json,noop,systematic_review,H1,A4,2021
Foreign body inhalation in the adult population.json,noop,systematic_review,H1,A4,2015
Garner-2020-A prospective safety and feasibili.json,set:doc_type->cohort|force:h_level=H2(cohort),cohort,H2,A4,2020
Ghattas-2021-State of the art_ percutaneous tr.json,set:doc_type->guideline|force:h_level=H1(guideline),guideline,H1,A4,2021
Gomes-2015-Percutaneous endoscopic gastrostomy.json,set:doc_type->narrative_review|force:h_level=H3(narrative_review),narrative_review,H3,A4,2015
Grosu-2013-Stents are associated with increase.json,set:doc_type->cohort,cohort,H2,A4,2013
Grosu-2018-Sensitivity of Initial Thoracentesi.json,set:doc_type->cohort|force:h_level=H2(cohort),cohort,H2,A4,2018
Grosu-2019-Secondary spontaneous pneumothorax.json,noop,guideline,H1,A4,2019
Hartman-2021-New bronchoscopic treatment modal.json,noop,rct,H2,A4,2021
Havelock-2010-Pleural procedures and thoracic.json,set:doc_type->guideline|force:h_level=H1(guideline),guideline,H1,A4,2010
Herth-2019-Endoscopic Lung Volume Reduction_ A.json,set:doc_type->guideline|force:h_level=H1(guideline),guideline,H1,A4,2019
High-dose-rate endobronchial brachytherapy eff.json,noop,rct,H2,A4,2000
Hillerdal-2014-One- to four-year follow-up of.json,noop,rct,H2,A4,2014
Holden-2020-Safety and Efficacy of the Tracheo.json,set:doc_type->narrative_review,narrative_review,H3,A4,2024
Hooper-2010-Investigation of a unilateral pleu.json,set:doc_type->guideline|force:h_level=H1(guideline),guideline,H1,A4,2010
Hu-2018-Application of the Montgomery T-tube i.json,noop,systematic_review,H1,A4,2018
Hu-2020-Pleural manometry_ techniques, applica.json,set:doc_type->narrative_review|force:h_level=H3(narrative_review),narrative_review,H3,A4,2020
IASLC Proposals for Revision of TNM.json,noop,systematic_review,H1,A4,2024
IP Fellowship Accreditation Standards.json,noop,guideline,H1,A4,2017
IP extending breath of care.json,set:doc_type->narrative_review|force:h_level=H3(narrative_review),narrative_review,H3,A4,2024
IPC review.json,set:doc_type->cohort,cohort,H2,A4,2021
Iatrogenic bleeding during flexible bronchoscopy.json,set:doc_type->narrative_review|force:h_level=H3(narrative_review),narrative_review,H3,A4,2017
Imaging in peripheral bronchoscopy.json,noop,systematic_review,H1,A4,2023
Impact of Pulmonary and Critical Care Fellow Participation during Advanced Diagnostic Bronchoscopy.json,set:doc_type->cohort,cohort,H2,A4,2025
Impact of a Dedicated Pleural Clinic on Indwelling Pleural Catheter Related Outcomes_A Retrospective Single Center Experience.json,set:doc_type->cohort,cohort,H2,A4,2022
Impact of the Ninth International Association for the Study of Lung Cancer TNM Classification on Endobronchial Ultrasound for Lung Cancer Staging.json,set:doc_type->narrative_review|force:h_level=H3(narrative_review),narrative_review,H3,A4,2024
Improved diagnostic yield  with digital tomosynthesis ENB.json,set:doc_type->narrative_review|force:h_level=H3(narrative_review),narrative_review,H3,A4,2017
Improving diagnostic yield of navigational bronchoscopy .json,set:doc_type->narrative_review|force:h_level=H3(narrative_review),narrative_review,H3,A4,2020
Indications and complications of rigid broncho.json,set:doc_type->narrative_review|force:h_level=H3(narrative_review),narrative_review,H3,A4,2018
Indocyanine Green-Soaked Fiducial Markers.json,set:doc_type->cohort,cohort,H2,A4,2025
Indwelling Pleural Catheter versus Pleurodesis.json,set:doc_type->systematic_review|force:h_level=H1(systematic_review),systematic_review,H1,A4,2019
Inhaled GM-CSF for Pulmonary Alveolar Proteino.json,noop,rct,H2,A4,2019
Inhaled TXA for Hemoptysis Treatment.json,noop,rct,H2,A4,2018
Interventional Bronchoscopy.json,set:doc_type->systematic_review|force:h_level=H1(systematic_review),systematic_review,H1,A4,2020
Interventional pulmonology in the intensive ca.json,set:doc_type->narrative_review|force:h_level=H3(narrative_review),narrative_review,H3,A4,2014
Intrapleural Fibrinolytic Therapy versus Early.json,noop,rct,H2,A4,2020
Intrapleural use of tissue plasminogen activat.json,noop,rct,H2,A4,2011
Jayadevappa-2019-Outcomes of patients with adv.json,noop,rct,H2,A4,2019
Jet Ventilation during Rigid Bronchoscopy in Adults.json,set:doc_type->narrative_review|force:h_level=H3(narrative_review),narrative_review,H3,A4,2016
Karakoca-2018-Follow-up outcomes of chronic ob.json,noop,case_series,H4,A4,2018
Kashiwabara-2021-Efficacy and safety of transb.json,noop,cohort,H3,A4,2021
Kemp-2017-A Multicenter Randomized Controlled.json,noop,rct,H2,A4,2017
Kimura-2015-Photodynamic Therapy (PDT) with Ch.json,noop,guideline,H1,A4,2015
Klooster-2017-One-Year Follow-Up after Endobro.json,set:doc_type->cohort,cohort,H2,A4,2016
Koizumi-2015-Bronchoscopy-Guided Cooled Radiof.json,noop,systematic_review,H1,A4,2024
Koshy-2021-Safety of delivering bronchial ther.json,set:doc_type->cohort,cohort,H2,A4,2021
Labarca-2019-Bronchoscopic Lung Volume Reducti.json,set:doc_type->systematic_review|force:h_level=H1(systematic_review),systematic_review,H1,A4,2019
Lamb-2020-Use of Tracheostomy During the COVID.json,set:doc_type->guideline|force:h_level=H1(guideline),guideline,H1,A4,2020
Li-2019-The REACH Trial_ A Randomized Controll.json,noop,rct,H2,A4,2018
Lipp-2013-Systemic antimicrobial prophylaxis f.json,set:doc_type->narrative_review|force:h_level=H3(narrative_review),narrative_review,H3,A4,2013
Ljungdahl-2006-Complication rate lower after p.json,noop,rct,H2,A4,2006
Local anaesthetic thoracoscopy .json,noop,guideline,H1,A4,2025
Local determinants of response to endobronchia.json,noop,narrative_review,H3,A4,1997
Lung nodule during COVID.json,noop,guideline,H1,A4,2020
LungRADSAssessmentCategoriesv1-1.json,set:doc_type->guideline|force:h_level=H1(guideline),guideline,H1,A4,2024
Machine learing TPA.json,set:doc_type->narrative_review|force:h_level=H3(narrative_review),narrative_review,H3,A4,2025
Majid-2020-Efficacy of the Spiration Valve Sys.json,set:doc_type->systematic_review|force:h_level=H1(systematic_review),systematic_review,H1,A4,2019
Management of Benign Pleural Effusions Using I.json,set:doc_type->systematic_review|force:h_level=H1(systematic_review),systematic_review,H1,A4,2017
Management of Malignant Pleural Effusions.json,set:doc_type->guideline|force:h_level=H1(guideline),guideline,H1,A4,2018
Management of life-threatening hemoptysis in the ICU.json,set:doc_type->narrative_review|force:h_level=H3(narrative_review),narrative_review,H3,A4,2021
Management of significant airway bleeding during robotic assisted bronchoscopy a tailored approach.json,noop,guideline,H1,A4,2021
Managing Massive Hemoptysis.json,set:doc_type->narrative_review|force:h_level=H3(narrative_review),narrative_review,H3,A4,2020
Mechanical properties of different airway sten.json,noop,case_series,H4,A4,2015
Mesothelioma proposal for revision of T.json,noop,guideline,H1,A4,2024
Metallic Endobronchial Stents A Contemporary R.json,noop,guideline,H1,A4,2019
Moderate sedation changes for bronchoscopy in 2017.json,noop,coding_update,H3,A4,2017
Multi-disciplinary management of patients with.json,set:doc_type->narrative_review|force:h_level=H3(narrative_review),narrative_review,H3,A4,2021
Multidetector CT evaluation of tracheobronchom.json,noop,guideline,H1,A4,2009
Multidisciplinarymanagementofadultpatientswith chylothorax.json,set:doc_type->guideline,guideline,H1,A4,2024
Multi‐institutional retrospective analysis of.json,force:h_level=H2(cohort),cohort,H2,A4,2020
NAVIGATE 24-Month Results.json,noop,rct,H2,A4,2021
NEJM tracheostomy.json,noop,systematic_review,H1,A4,2020
Nd-YAG laser vs bronchoscopic electrocautery.json,set:doc_type->cohort,cohort,H2,A4,1999
NdYAG laser bronchoscopy A five year experienc.json,noop,narrative_review,H3,A4,1988
NdYAG_laser_therapy_in_lung_cancer_1994.json,noop,narrative_review,H3,A4,1994
Novel bronchoscopic management of airway bleeding with absorbable gelatin and thrombin slurry.json,noop,guideline,H1,A4,2019
Occupational adverse effects and protective factors in bronchoscopy .json,set:doc_type->narrative_review|force:h_level=H3(narrative_review),narrative_review,H3,A4,2019
Operating Room Fires.json,set:doc_type->narrative_review|force:h_level=H3(narrative_review),narrative_review,H3,A4,2019
Optimal Endobronchial Ultrasound Strain Elastography Assessment.json,set:doc_type->rct,rct,H1,A4,2018
Ost-2014-Quality-adjusted survival following t.json,set:doc_type->cohort,cohort,H2,A4,2014
Ost-2018-Quality Gaps and Comparative Effectiv.json,set:doc_type->guideline|force:h_level=H1(guideline),guideline,H1,A4,2018
Palliative Care and Interventional Pulmonology.json,noop,rct,H2,A4,2018
Percutaneous Dilational Tracheostomy 2018.json,noop,rct,H2,A4,2018
Percutaneous endoscopic gastrostomy. Indicatio.json,noop,rct,H2,A4,2019
Percutaneous radiologic gastrostomy versus per.json,noop,rct,H2,A4,2005
Performance, long-term management, and coding for percutaneous dilational tracheostomy.json,noop,systematic_review,H1,A4,2019
Physiologic Evaluation of the Patient With Lung Cancer.json,noop,rct,H2,A4,2013
Pison-2021-Safety of denervation following tar.json,noop,rct,H2,A4,2021
Pleural Cryobiopsy A Systematic Review and Met.json,set:doc_type->systematic_review|force:h_level=H1(systematic_review),systematic_review,H1,A4,2020
Pleural Interventions in the Management of Hep.json,noop,rct,H2,A4,2022
Pleural controversy  Closed needle pleural bio.json,noop,rct,H2,A4,2011
Potentially fatal arrhythmia complicating endobronchial epinephrine.json,set:doc_type->narrative_review|force:h_level=H3(narrative_review),narrative_review,H3,A4,2012
Preoperative endobronchial photodynamic therap.json,noop,rct,H2,A4,2014
Proposals for revision of the M discriptor.json,noop,rct,H2,A4,2024
Proposals for revisoin of residual tumor after resection.json,set:doc_type->narrative_review|force:h_level=H3(narrative_review),narrative_review,H3,A4,2024
Prospective study to determine the volume of p.json,force:h_level=H2(cohort),cohort,H2,A4,2010
RCT  of Three Guided Bronchoscopic Approaches Pulmonary NodulesPRECISION-1 Study.json,noop,rct,H2,A4,2020
RCT of EBUS with and without aspiration.json,noop,rct,H2,A4,2012
ROSE during EBUS  for diagnosing lung cancer a randomized study.json,noop,rct,H2,A4,2013
ROSE during EBUS for nodal staging in patients with lung cancer.json,set:doc_type->narrative_review|force:h_level=H3(narrative_review),narrative_review,H3,A4,2013
Radiation Principles, Protection, and Reporting.json,set:doc_type->guideline|force:h_level=H1(guideline),guideline,H1,A4,2024
Rahman-2015-Effect of Opioids vs NSAIDs and La.json,noop,rct,H2,A4,2015
Rahnemai-Azar-2014-Percutaneous endoscopic gas.json,set:doc_type->narrative_review|force:h_level=H3(narrative_review),narrative_review,H3,A4,2014
Rashid-2017-Percutaneous tracheostomy_ a compr.json,set:doc_type->narrative_review|force:h_level=H3(narrative_review),narrative_review,H3,A4,2017
Reevaluating the Role of Bronchoscopy Prior to Bronchial Artery Embolization.json,noop,systematic_review,H1,A4,2025
Reichle-2000-[Argon plasma coagulation in bron.json,noop,narrative_review,H3,A4,2000
Relapsing polychondriti.json,set:doc_type->narrative_review|force:h_level=H3(narrative_review),narrative_review,H3,A4,2025
Respiratory infections increase the r.json,set:doc_type->cohort|force:h_level=H2(cohort),cohort,H2,A4,2012
Results of long-term follow-up of photodynamic.json,noop,guideline,H1,A4,2009
Richter-Schrag-2011-Risk factors and complicat.json,set:doc_type->case_series|force:h_level=H4(case_series),case_series,H4,A4,2011
Rigid Bronchoscopy.json,noop,rct,H2,A4,2018
Rigid bronchoscopy and silicone st.json,set:doc_type->narrative_review|force:h_level=H3(narrative_review),narrative_review,H3,A4,2015
RigidMiniThoracoscopyVersusSemirigid_Thoracoscopy.json,noop,rct,H2,A4,2019
Risks of and recommendations for flexible bronchoscopy in pregnancy.json,set:doc_type->narrative_review|force:h_level=H3(narrative_review),narrative_review,H3,A4,2004
Roberts-2010-Management of a malignant pleural.json,set:doc_type->guideline|force:h_level=H1(guideline),guideline,H1,A4,2010
Robot assisted bronchoscopy for pulmonary lesion diagnosis.json,noop,rct,H2,A4,2019
Robotic bronchoscopy for pulmonary lesions a review of existing technologies and clinical data.json,set:doc_type->narrative_review|force:h_level=H3(narrative_review),narrative_review,H3,A4,2020
Robotic bronchoscopy pilot and feasibility study (Benefit).json,set:doc_type->cohort,cohort,H2,A4,2021
Role of Montgomery T-tube stent for laryngotra.json,set:doc_type->narrative_review|force:h_level=H3(narrative_review),narrative_review,H3,A4,2013
Role of Pathologic Single Nodal and Multple Nodal Desscriptions.json,force:h_level=H2(cohort),cohort,H2,A4,2024
Romagnoli-2019-Poor Concordance between Sequen2.json,set:doc_type->guideline|force:h_level=H1(guideline),guideline,H1,A4,2019
Routine monitoring with pleural manometry duri.json,noop,rct,H2,A4,2019
Ruigrok-2020-Digital versus analogue chest dra.json,noop,rct,H2,A4,2020
SSRAB in the Diagnosis of PPLs.json,noop,rct,H2,A4,2022
SSRAB vs DT ENB.json,set:doc_type->cohort,cohort,H2,A4,2023
STS Surgical Management of Oligometastatic NSCLC.json,set:doc_type->guideline|force:h_level=H1(guideline),guideline,H1,A4,2025
Safety and Efficacy of a Fully Cov.json,set:doc_type->narrative_review,narrative_review,H3,A4,2017
Safety and effectiveness of microdebrider bron.json,noop,case_series,H4,A4,2008
Safety and efficacy of a novel transbronchial radiofrequency ablation system for lung tumours .json,noop,guideline,H1,A4,2024
Safety and feasibility of interventional pulmo.json,set:doc_type->narrative_review|force:h_level=H3(narrative_review),narrative_review,H3,A4,2013
Safety of endoscopic gastrostomy tube placemen.json,noop,rct,H2,A4,2021
Safety of flexible bronchoscopy in patients with  pulmonary hypertension.json,noop,guideline,H1,A4,2009
Saftey of rigid in bronch suite.json,noop,cohort,H3,A4,2025
Sanabria-2014-Which percutaneous tracheostomy.json,set:doc_type->guideline|force:h_level=H1(guideline),guideline,H1,A4,2014
Sedation in Bronchoscopy.json,noop,rct,H2,A4,2018
Selected Topics in Malignant Pleural Disease.json,set:doc_type->narrative_review|force:h_level=H3(narrative_review),narrative_review,H3,A4,2024
Senitko-2019-Safety and Tolerability of Vacuum.json,noop,rct,H2,A4,2019
Sensitivity and safety of ENB systematic review and meta-analysis.json,set:doc_type->systematic_review|force:h_level=H1(systematic_review),systematic_review,H1,A4,2020
Shi-2014-Outcome and safety of the Montgomery.json,noop,cohort,H3,A4,2014
Shojaee-2019-Indwelling Tunneled Pleural Cathe.json,set:doc_type->narrative_review|force:h_level=H3(narrative_review),narrative_review,H3,A4,2019
Silvestri-2018-Assessment of Plasma Proteomics.json,set:doc_type->cohort|force:h_level=H2(cohort),cohort,H2,A4,2018
Slebos-2018-Endobronchial Coils for Endoscopic.json,set:doc_type->guideline|force:h_level=H1(guideline),guideline,H1,A4,2024
Spread Through Air Spaces.json,set:doc_type->guideline,guideline,H1,A4,2024
Standardizing education in interventional pulmonol.json,noop,rct,H2,A4,2020
State of the Art IP.json,set:doc_type->systematic_review|force:h_level=H1(systematic_review),systematic_review,H1,A4,2020
State-of-the-Art Modalities for Peripheral Lung Nodule Biopsy.json,set:doc_type->systematic_review|force:h_level=H1(systematic_review),systematic_review,H1,A4,2018
Steinfort-2021-Bronchoscopic Thermal Vapour Ab.json,noop,systematic_review,H1,A4,2021
Study Design and Rationale ENB and ETN  ALL IN ONE Trial.json,noop,systematic_review,H1,A4,2018
Sullivan-2021-Earlier diagnosis of lung cancer (1).json,noop,rct,H2,A4,2021
Survival in COPD patients treated with broncho.json,noop,rct,H2,A4,2022
Target trial.json,set:doc_type->cohort,cohort,H2,A4,2025
Technical Aspects of EBUS  CHEST Guideline and Expert Panel Report.json,set:doc_type->guideline|force:h_level=H1(guideline),guideline,H1,A4,2016
Technical aspects and outcomes of tracheobronc.json,set:doc_type->narrative_review|force:h_level=H3(narrative_review),narrative_review,H3,A4,2011
Tedde-2011-A new technique for T-tube insertio.json,noop,narrative_review,H3,A4,2024
The Art of Rigid Bronchoscopy and Airway Stent.json,noop,systematic_review,H1,A4,2018
The Business of Bronchoscopy.json,noop,systematic_review,H1,A4,2018
The Business of IP.json,noop,guideline,H1,A4,2013
The Clinical and Economic Implications of pleural effusions.json,set:doc_type->cohort,cohort,H2,A4,2024
The Diagnosis and Management of Airway Complic.json,noop,cohort,H3,A4,2017
The Evolutional History of ENB State of the Art.json,noop,rct,H2,A4,2018
The Impact of Gravity vs Suction-driven Therap.json,noop,rct,H2,A4,2020
The Only Constant Is Change.json,noop,guideline,H1,A4,2023
The Proposed Ninth Edition TNM Classification of Lung Cancer.json,noop,systematic_review,H1,A4,2024
The Role of Clamping Before Removal of a Chest Tube .json,noop,rct,H2,A4,2025
The Utility of the EBUS Characteristics in Differentiating Between Malignant and Tuberculous .json,noop,systematic_review,H1,A4,2022
The Value of a High-Volume Bronchoscopic Lung Volume Reduction Program.json,noop,rct,H2,A4,2025
The application of cryosurgery in the treatmen.json,noop,cohort,H3,A4,2004
The death of a healthy volunteer in a human research project  implications for.json,noop,guideline,H1,A4,1998
The efficiency of a clinical pathway forundiagnosed pleural effusions .json,set:doc_type->guideline,guideline,H1,A4,2022
The evolving role of medical thoracoscopy on therapeutic management of pleural disease.json,noop,rct,H2,A4,2024
The heat is on impact of endobronchial electro.json,force:h_level=H2(cohort),cohort,H2,A4,2000
The relationship between chest tube size and c.json,noop,rct,H2,A4,2010
The role of  elastography in the dx of med and hilar lymph.json,noop,systematic_review,H1,A4,2017
The role of bronchoscopy in the diagnosis of airway disease.json,set:doc_type->narrative_review|force:h_level=H3(narrative_review),narrative_review,H3,A4,2016
The use of electrocautery as the primary ablat.json,set:doc_type->narrative_review,narrative_review,H3,A4,2011
The utility of bronchoscopy in immunocompromised patients.json,set:doc_type->narrative_review|force:h_level=H3(narrative_review),narrative_review,H3,A4,2019
Therapeutic bronchoscopy for malignan.json,set:doc_type->cohort|force:h_level=H2(cohort),cohort,H2,A4,2014
Thomas-2017-Effect of an Indwelling Pleural Ca.json,noop,rct,H2,A4,2017
Towards an optimization of bronchoscopic approaches to the PPN.json,set:doc_type->narrative_review,narrative_review,H3,A4,2018
Tracheal stent buckling and in-stent stenosis.json,noop,systematic_review,H1,A4,2022
Tracheobronchomalacia and excessive dynamic ai.json,noop,rct,H2,A4,2013
Tracheomalacia and tracheobronchomalacia in ch.json,set:doc_type->systematic_review,systematic_review,H1,A4,2005
Training in interventional pulmonology the European and US perspective.json,noop,rct,H2,A4,2021
Tranexamic acid vs adrenaline for controlling iatrogenic bleeding during flexible bronchoscopy.json,noop,rct,H2,A4,2023
Transbronchial Cryobiopsy for the Diagnosis of.json,set:doc_type->guideline|force:h_level=H1(guideline),guideline,H1,A4,2020
Transbronchial Lung Cryobiopsy and Video-assis.json,set:doc_type->systematic_review|force:h_level=H1(systematic_review),systematic_review,H1,A4,2017
Transbronchial cryobiopsy n ILD.json,set:doc_type->guideline|force:h_level=H1(guideline),guideline,H1,A4,2020
Treatment of Pulmonary Carcinoid Tumors.json,noop,rct,H2,A4,2021
Ultrasound-Guided Percutaneous Dilational Trac.json,set:doc_type->systematic_review|force:h_level=H1(systematic_review),systematic_review,H1,A4,2018
Understanding the economic impact of introducing a new procedure.json,noop,rct,H2,A4,2012
Unimodality and Multimodality Cryodebridement.json,set:doc_type->case_series|force:h_level=H4(case_series),case_series,H4,A4,2016
Unlocking the potential of RAB.json,noop,systematic_review,H1,A4,2024
Update on tracheobronchial anatomy and flexible fiberoptic bronchoscopy in thoracic anesthesia.json,noop,narrative_review,H3,A4,2009
Use of fibrinolytics and deoxyribonuclease in.json,set:doc_type->guideline|force:h_level=H1(guideline),guideline,H1,A4,2021
Utility of EBUS-TBNA in Evaluating Mediastinal and Hilar Lymphadenopathy in Patients With Silica Exposure_A Retrospective Single-center Study.json,set:doc_type->cohort|force:h_level=H2(cohort),cohort,H2,A4,2025
Utility of Elastography A Systematic Review and Meta-analysis.json,noop,systematic_review,H1,A4,2021
VERITAS.json,noop,rct,H2,A4,2025
VR bronch.json,noop,rct,H2,A4,2025
Validation Study for the N Descriptor.json,force:h_level=H2(cohort),cohort,H2,A4,2024
Valipour-2014-Expert statement_ pneumothorax a.json,set:doc_type->guideline|force:h_level=H1(guideline),guideline,H1,A4,2024
Valipour-2020-Bronchial Rheoplasty for Treatme.json,noop,rct,H2,A4,2020
Valipour-2020-Two-Year Outcomes for the Double.json,noop,rct,H2,A4,2020
Value of Antibiotic Prophylaxis for Percutaneo.json,noop,rct,H2,A4,2018
Value-Based Proposition for a Dedicated IP suite.json,noop,coding_update,H3,A4,2018
Variable Learning Curve of Basic.json,noop,systematic_review,H1,A4,2021
Walker-2021-Ambulatory management of secondary.json,noop,rct,H2,A4,2021
What is the value of electromagnetic navigation in lung cancer and to what extent does it require improvement .json,set:doc_type->narrative_review|force:h_level=H3(narrative_review),narrative_review,H3,A4,2020
Xie-2022-Microwave ablation via a flexible cat.json,set:doc_type->cohort|force:h_level=H2(cohort),cohort,H2,A4,2022
Yuan-2016-Percutaneous endoscopic gastrostomy.json,set:doc_type->narrative_review|force:h_level=H3(narrative_review),narrative_review,H3,A4,2016
Zhao-2015-Whole Lung Lavage Treatment of Chine.json,set:doc_type->narrative_review|force:h_level=H3(narrative_review),narrative_review,H3,A4,2015
aabip_evidence_informed_guidelines_and_expert.json,set:doc_type->guideline|force:h_level=H1(guideline),guideline,H1,A4,2020
advances in medical pleurodesis.json,noop,rct,H2,A4,2024
bacada_ch01.json,noop,book_chapter,H3,A3,2012
bacada_ch02.json,noop,book_chapter,H3,A3,2012
bacada_ch03.json,noop,book_chapter,H3,A3,2012
bacada_ch04.json,noop,book_chapter,H3,A3,2012
bacada_ch05.json,noop,book_chapter,H3,A3,2012
bacada_ch06.json,noop,book_chapter,H3,A3,2012
bacada_ch07.json,noop,book_chapter,H3,A3,2012
bacada_ch08.json,noop,book_chapter,H3,A3,2012
bacada_ch09.json,noop,book_chapter,H3,A3,2012
bacada_ch10.json,noop,book_chapter,H3,A3,2012
bacada_ch11.json,noop,book_chapter,H3,A3,2012
bacada_ch12.json,noop,book_chapter,H3,A3,2012
bacada_ch13.json,noop,book_chapter,H3,A3,2012
bacada_ch14.json,noop,book_chapter,H3,A3,2012
bacada_ch15.json,noop,book_chapter,H3,A3,2012
bacada_ch16.json,noop,book_chapter,H3,A3,2012
bacada_ch17.json,noop,book_chapter,H3,A3,2012
bacada_ch18.json,noop,book_chapter,H3,A3,2012
bacada_ch19.json,noop,book_chapter,H3,A3,2012
bacada_ch20.json,noop,book_chapter,H3,A3,2012
bacada_ch21.json,noop,book_chapter,H3,A3,2012
cancers-15-01068.json,set:doc_type->narrative_review|force:h_level=H3(narrative_review),narrative_review,H3,A4,2023
chest tube pandora box.json,noop,rct,H2,A4,2022
chest tube practical.json,set:doc_type->guideline,guideline,H1,A4,2023
complications_of_bronchoscopy__a_concise_synopsis.json,set:doc_type->narrative_review,narrative_review,H3,A4,2015
editorial Nth edition.json,noop,guideline,H1,A4,2024
endoscopic_treatment_of_bronchial_carcinoids_i.json,set:doc_type->narrative_review,narrative_review,H3,A4,2012
fistula Abu-Hijleh-2019-Intrabronchial Valves for Air.json,set:doc_type->cohort,cohort,H2,A4,2019
fistula Airway Covered Metallic Stent Based on Differe.json,noop,cohort,H3,A4,2015
fistula Airway ultraflex stenting in esophageal cancer.json,noop,guideline,H1,A4,2012
fistula Bronstein-2019-Management of air leaks post-su.json,set:doc_type->narrative_review|force:h_level=H3(narrative_review),narrative_review,H3,A4,2019
fistula Debourdeau-2019-Endoscopic treatment of nonmal.json,set:doc_type->cohort|force:h_level=H2(cohort),cohort,H2,A4,2018
fistula Fernandez-2016-Pleural gas analysis for the id.json,noop,rct,H2,A4,2017
fistula Fiorelli-2018-Unidirectional endobronchial val.json,set:doc_type->cohort|force:h_level=H2(cohort),cohort,H2,A4,2018
fistula Grewal-2019-Treatment of Tracheobronchial Inju.json,noop,systematic_review,H1,A4,2019
fistula Han-2018-Customized airway stenting for bronch.json,noop,case_series,H4,A4,2018
fistula Herth-2010-Combined airway and oesophageal ste.json,noop,guideline,H1,A4,2010
fistula Ke-2015-The treatment strategy for tracheoesop.json,set:doc_type->narrative_review|force:h_level=H3(narrative_review),narrative_review,H3,A4,2015
fistula Kim-2020-Management of tracheo-oesophageal fis.json,set:doc_type->narrative_review|force:h_level=H3(narrative_review),narrative_review,H3,A4,2020
fistula Lazarus-2017-Persistent air leaks_ a review wi.json,set:doc_type->narrative_review|force:h_level=H3(narrative_review),narrative_review,H3,A4,2017
fistula Li-2016-Neoadjuvant therapy and risk of bronch.json,set:doc_type->systematic_review|force:h_level=H1(systematic_review),systematic_review,H1,A4,2016
fistula Okuda-2017-Risk factor of bronchopleural fistu.json,set:doc_type->narrative_review|force:h_level=H3(narrative_review),narrative_review,H3,A4,2017
fistula Schweigert-2019-[Interventional treatment of t.json,noop,systematic_review,H1,A4,2019
fistula Silon-2017-Endoscopic Management of Esophagore.json,set:doc_type->cohort|force:h_level=H2(cohort),cohort,H2,A4,2016
fistula Youness-2018-Bronchoscopic advances in the man.json,noop,guideline,H1,A4,2018
gonzalez-et-al-2024-assessment-of-advanced-diagnostic-bronchoscopy-outcomes-for-peripheral-lung-lesions-a-delphi (1).json,set:doc_type->guideline|force:h_level=H1(guideline),guideline,H1,A4,2024
green-et-al-2021-overview-of-interventional-pulmonology-for-radiologists.json,noop,rct,H2,A4,2021
incidence_and_outcomes_of_revision_bronchoscopies.11.json,set:doc_type->narrative_review|force:h_level=H3(narrative_review),narrative_review,H3,A4,2024
klug-et-al-2024-proposed-ninth-edition-tnm-staging-system-for-lung-cancer-guide-for-radiologists.json,noop,systematic_review,H1,A4,2024
lessions learned valves.json,set:doc_type->cohort,cohort,H2,A4,2025
management-of-incidental-pulmonary-nodule-fleischner.json,set:doc_type->guideline,guideline,H1,A4,2017
medical thoracoscopy step by step.json,noop,guideline,H1,A4,2011
nebulized TXA review.json,noop,rct,H2,A4,2025
normal_saline_versus_hypertonic_saline_for_airway.json,noop,rct,H2,A4,2024
papoip.json,set:doc_type->book_chapter|force:h_level=H3(book_chapter),book_chapter,H3,A1,2025
papoip_airway_anatomy.json,noop,book_chapter,H3,A1,2025
papoip_aovcfavd.json,noop,book_chapter,H3,A1,2025
papoip_approach_tpl.json,noop,book_chapter,H3,A1,2025
papoip_artificial_iir.json,noop,book_chapter,H3,A1,2025
papoip_balloon_dilitation.json,noop,book_chapter,H3,A1,2025
papoip_brochoalve_lavage.json,noop,book_chapter,H3,A1,2025
papoip_bronchople_fistula.json,noop,book_chapter,H3,A1,2025
papoip_bronchosco_tfs.json,noop,book_chapter,H3,A1,2025
papoip_bronchosco_tna.json,noop,book_chapter,H3,A1,2025
papoip_cone_bcg.json,noop,book_chapter,H3,A1,2025
papoip_convention_bas.json,noop,book_chapter,H3,A1,2025
papoip_cricothyro.json,noop,book_chapter,H3,A1,2025
papoip_diagnostic_atp.json,noop,book_chapter,H3,A1,2025
papoip_electrocau_aap.json,noop,book_chapter,H3,A1,2025
papoip_emerging_bt.json,noop,book_chapter,H3,A1,2025
papoip_endobronch_ssf.json,noop,book_chapter,H3,A1,2025
papoip_general_pom.json,noop,book_chapter,H3,A1,2025
papoip_ipaabt.json,noop,book_chapter,H3,A1,2025
papoip_large_bct.json,noop,book_chapter,H3,A1,2025
papoip_malignant_cao.json,noop,book_chapter,H3,A1,2025
papoip_management_oss.json,noop,book_chapter,H3,A1,2025
papoip_medical_toe.json,noop,book_chapter,H3,A1,2025
percutaneous_endoscopic_gastrostomy__a_practic.json,noop,narrative_review,H3,A4,2015
practical_gti_bronchial_thermoplas.json,noop,book_chapter,H3,A2,2022
practical_gti_bronchosco_lvr.json,noop,book_chapter,H3,A2,2022
practical_gti_ctaipc.json,noop,book_chapter,H3,A2,2022
practical_gti_delayed_at.json,noop,book_chapter,H3,A2,2022
practical_gti_electromag_nb.json,noop,book_chapter,H3,A2,2022
practical_gti_htsaipp.json,noop,book_chapter,H3,A2,2022
practical_gti_introducti.json,noop,book_chapter,H3,A2,2022
practical_gti_linear_eu.json,noop,book_chapter,H3,A2,2022
practical_gti_matbcao.json,noop,book_chapter,H3,A2,2022
practical_gti_matmao.json,noop,book_chapter,H3,A2,2022
practical_gti_mechanical_debridemen.json,noop,book_chapter,H3,A2,2022
practical_gti_medical_thoracosco.json,noop,book_chapter,H3,A2,2022
practical_gti_percutaneo_tracheosto.json,noop,book_chapter,H3,A2,2022
practical_gti_pgtipe.json,noop,book_chapter,H3,A2,2022
practical_gti_radial_eu.json,noop,book_chapter,H3,A2,2022
practical_gti_rapid_at.json,noop,book_chapter,H3,A2,2022
practical_gti_rigid_bronchosco.json,noop,book_chapter,H3,A2,2022
practical_gti_stent_placement.json,noop,book_chapter,H3,A2,2022
practical_gti_tcfdld.json,noop,book_chapter,H3,A2,2022
practical_gti_teaomtta.json,noop,book_chapter,H3,A2,2022
rapid_pleurodesis_in_patients_with_chronic.json,set:doc_type->cohort,cohort,H2,A4,2024
ratwani-et-al-2025-post-thoracentesis-ultrasound-vs-chest-x-ray-for-the-evaluation-of-effusion-evacuation-and-lung-re.json,set:doc_type->narrative_review|force:h_level=H3(narrative_review),narrative_review,H3,A4,2025
safety_and_clinical_utility_of_flexible.3.json,set:doc_type->narrative_review|force:h_level=H3(narrative_review),narrative_review,H3,A4,2015
surigicalLVR Consolidating LVRS After Endoscopic LVR Failur.json,set:doc_type->cohort,cohort,H2,A4,2021
surigicalLVR Decker-2014-Lung volume reduction surgery sinc.json,set:doc_type->guideline|force:h_level=H1(guideline),guideline,H1,A4,2015
surigicalLVR Lung Volume Reduction Surgery on Extracorporea.json,noop,narrative_review,H3,A4,2017
surigicalLVR Rationale and design of The NETT Trial.json,noop,rct,H2,A4,1999
tana-et-al-2025-airway-scairway-scaffolds-for-emphysema.json,noop,rct,H2,A4,2025
the_impact_of_video_assisted_thoracoscopic_versus.4.json,set:doc_type->cohort,cohort,H2,A4,2025
transbronchial ablation Miller.json,set:doc_type->narrative_review|force:h_level=H3(narrative_review),narrative_review,H3,A4,2024
transbronchial__ablation_NAVABLATE.json,set:doc_type->cohort|force:h_level=H2(cohort),cohort,H2,A4,2023
update_on_airway_stents.json,set:doc_type->narrative_review|force:h_level=H3(narrative_review),narrative_review,H3,A4,2018